Feature1,Feature2,Target
-2.714339105842616,-2.150811144760797,0
0.048608723014405664,0.15392400443200627,0
-0.5632361277938258,-0.6744760801691114,0
0.7185063250888617,0.03835758266147238,0
-1.5625370564717838,0.9254776746532274,1
1.066978339969767,0.9697064407531746,1
-2.4463621060051617,-1.903457631133624,0
1.5218452088932866,-2.3245035557308955,0
1.5639114638891636,-3.0397845036068913,0
-0.6638824826904759,1.2037014426128538,1
1.0043520732536744,0.9202447327666723,1
1.797650741007046,1.1141279766926353,1
0.7329918684992914,0.7958784558518137,1
1.0317789787276799,-0.5964593601247925,0
-0.8102584122763683,1.0463223863758233,1
1.3065928527404866,-1.144016600520417,0
1.1536192212140624,0.9148789302602525,1
-1.6678740689406437,-1.391131821994353,0
0.9231861395101805,0.9362984143522791,1
1.444321434926028,-1.8020254223486298,0
0.47614715190056134,-0.11380699016637164,0
1.1725495041032623,0.9928682635569115,1
1.0630390639857161,-1.0750230998640988,0
1.2550952592619953,-2.1872938664566774,0
1.9698546986079462,1.2640512685743222,1
0.7693908501045434,-2.2690340548800885,0
-1.2414681714680058,1.3671690238740877,1
0.14597421251023346,1.0180817416156513,1
1.4931886943417183,-1.1281918564432298,0
-1.2135296979739207,0.5640594417632728,1
0.2626631123103549,-0.1148971319732045,0
-0.9497314276441459,-0.8703992214356889,0
-2.059135097966299,0.9749505057780524,1
0.9129362741249535,1.4740750955867261,0
-2.22008934278903,-1.7041239508164256,0
-0.15132240271603636,0.9200292646671833,1
-1.4517850793982214,1.2118459404965531,1
-1.1288240190245098,0.5781025888589033,1
1.1953038576394963,0.3015973256592046,0
1.773255927673409,-2.4597608373899695,0
-0.7496378522574974,-0.8868844658216751,0
-0.5455898012310054,-0.6859865858669816,0
0.8326836928645219,1.03150936243469,1
2.086821717421373,-0.7713135018653208,0
-0.9143681619861596,-1.0192728594097038,0
-1.5172268030715008,-1.3541400538050372,0
-1.6184254290028548,0.4517967412337599,1
0.17791344037667445,1.3581759520481262,1
0.30070190067483216,-0.1911870048982699,0
-0.8129775632923693,-0.8400482475915965,0
-1.5432110622202848,-1.375369605591649,0
1.1439319030803143,-2.5848116800346164,0
-0.4586990820492416,-0.6718739588877641,0
0.5474376904629918,0.9957958736962985,1
0.15610834394699702,-0.3269258001791502,0
2.192126912269739,-0.8612013137827312,0
-0.19649280068759367,1.2490785524397214,1
0.1322911269745588,1.359151589977854,1
-2.2134741345601237,-1.7350977514957804,0
0.6072741568260385,0.9186508683293254,1
-0.1765972690423303,0.6575861520079105,0
0.4900039057465658,0.8289153548517278,0
2.100474743041236,-1.3398025178995385,0
1.2096909887471572,-1.1359366152151078,0
-2.2682314920478994,-1.6734189580617436,0
0.1621394218082688,-0.27908789377347676,0
-2.011254328131142,-1.6300305636578365,0
-0.947726353893612,0.7542828934498802,1
0.4992769886296524,1.4956006595657956,1
-2.0070967709515646,-1.6033908575808513,0
-1.2815278799904446,1.1915097635995597,1
-0.2820118809621821,-0.5476914121521157,0
-0.34339907804412895,-0.6852512162929062,0
1.0526512809239157,0.8663451157519467,1
0.999365257539021,-0.6431787180077044,0
1.0095425913387936,0.9548210499330912,1
-2.0211678742145325,1.021393020687594,1
1.7426498006062714,-1.6355548846268904,0
-1.0507549048713047,0.5705677217943723,1
-0.1401822065352727,0.8270621152938128,1
-1.5741908944956011,0.46947045350353833,1
1.5603525673114649,1.0205838805770309,1
-1.5635142090015521,0.7471640418927543,1
-0.363391642162603,1.0855287867459384,1
1.6421740714167137,1.0031303421068556,1
-2.004106934005705,0.5325097110064876,1
0.8688771550735197,0.8580447206381551,1
2.324814002902307,1.321075224517752,1
-0.0880274797116053,-0.48108110944799676,0
1.5723364174813605,-1.4875200424635835,0
-0.7164475128730146,-0.784260014241284,0
1.9660635105617126,-2.2781376677386334,0
-1.4526821114323627,1.3082739029988617,1
1.1211312819666193,-1.766569884266836,0
1.8140334730009515,0.8130644714273467,0
1.1293527779370516,0.8494267386211758,1
-2.092829228879591,0.26243277692946165,1
-0.39456128856288863,-0.3131999140330971,0
1.4492544213517127,-1.7389888168164311,0
0.6515808978575761,0.9700142639584606,1
-1.7212480948380118,0.6329451322125308,1
-1.0826275215701546,1.05458375512732,1
-1.7884390130821517,1.7464532159131898,1
-1.001814125476683,-1.067523641667637,0
2.224537893789432,0.9927593440882061,0
-3.2719322092138525,-2.3518903219428284,0
-2.842180116512124,-2.1962569348182694,0
1.8763067113032086,1.212802447408654,1
0.6451000180869141,-1.023984968321916,0
-3.2461298278371022,-2.3770405693505907,0
2.7840338906625597,-1.9311468750965943,0
1.6090755943725725,1.2067105582276327,1
1.1100266661041944,-0.6663881163556283,0
-3.025675845002707,-2.353946451618613,0
1.3101524620835685,1.0102435247186825,1
-0.6933172633007713,-0.7350335397337204,0
-0.5277105681927509,-0.650813542505281,0
-0.5619078915563349,1.2127060008466681,1
-0.8794633292846226,1.1582523559518785,1
0.9259796515079188,1.010008273317556,1
-0.6723047001216874,0.6274998035190575,1
-3.8336159733318946,-2.7291069236343963,0
-0.3251729327988635,1.2819663867545823,1
0.04491344471867831,0.7326167657138888,1
0.284311973481967,-0.22375624417174655,0
0.1631557380403087,-1.2790581314122311,0
0.13771294906615772,0.7698868758043631,1
0.2053733131525357,-0.3460759086775158,0
0.26699966768216976,1.2839599996417101,1
-0.03627257797437089,-0.22241805216136668,0
-1.6375602258391417,1.1608215484169475,1
1.0969304050146798,-0.7615538847865494,0
-1.2192932975713353,1.5103459208331773,1
0.2916655259116224,0.9618835209031072,1
1.597522694658259,-2.2025077649223377,0
-0.40589074562876326,-0.2787007033839337,0
0.5140709065541573,-0.33128990668985114,0
-0.2545200345729268,-0.005210801712532853,0
-0.04445829102988641,-0.4231388009467548,0
1.5911375642536871,-0.9067938208001061,0
-0.10371235005458068,-0.01909797261895918,0
0.7049444296175789,0.27313836861191043,0
0.725701362959941,-1.0468007671400312,0
-0.7148413166973637,1.5047010945449957,1
2.1606164333710067,1.0095198851496034,1
1.6409781065971927,1.2071331471169195,1
1.1614695215222852,0.8744709407060383,1
-0.4784159681228606,0.3305385034409489,0
1.139951997718762,-0.25449402319916037,0
2.9366838728825924,1.2554986292506114,1
-1.2337566174983758,0.5609731252615561,1
0.6190334751105069,0.0433347821491612,0
0.22641225180447444,-1.6334218404203027,0
0.9977329345571728,-0.6783735000752196,0
1.6339916312041893,-1.6473742508833218,0
-1.13931191709026,0.6429921078687438,1
-0.3405229755958421,-0.5132724894029098,0
-0.7697843666456596,1.366387430685848,1
1.5882854225041798,-1.8266240868548058,0
1.0933932184329511,0.929941280256658,1
-1.2685441495240593,1.343712284245092,1
-2.205224836504004,-1.799247343773137,0
0.4805426964156235,0.8216574791186633,1
1.3721786718676872,0.4058497117246025,0
-1.215029955254122,1.1076238467428743,1
-2.167278522715523,-1.8394147966090695,0
-1.052600582672497,-1.1163483054885888,0
-1.1750623052782392,-1.0845306561355124,0
1.6782622503683404,1.1397432226799713,1
-0.8363039741722035,0.6801353300490431,1
1.7928148687789869,-1.1981583305241301,0
1.0648942765813618,-0.7251633882734705,0
1.6686715042719564,-1.706917266174401,0
-0.12067465245401832,0.6857332865967491,1
-1.685684275458912,0.30900539456943155,1
-1.0298016232812301,1.5565429116980396,1
1.0368083584094694,-0.5057357268681646,0
1.1647289223794102,0.9401977887249683,1
-1.3350839555332024,1.0771733020584036,1
-0.8017940809961324,0.7951441851912512,1
0.7556900651581908,1.162642654621885,1
-1.5662809280265382,-1.3535466002784458,0
-1.3727665031853273,1.2101156389192123,1
-0.6454908245137332,-0.8256940882376615,0
1.3737886781294524,0.9476964260842343,1
1.1744358973016107,0.31283816610266624,0
1.0120679156548027,0.9688278951984645,1
-1.6470860049673481,0.9478734547889001,1
0.7573473608825029,1.1132594145327688,1
-1.3663475911695397,0.46940647268575997,1
-1.4001315944871604,-1.2246677187424235,0
-0.9182286093972706,0.3128025970979189,1
-2.342566165170647,-1.8938791479158303,0
-1.756773862857389,1.3992442611514893,1
0.5058173839704547,0.8864682879421477,1
0.03172648871023975,-0.4292547973745171,0
-1.423942877575389,1.2158945391247256,1
1.7979914343359136,1.2012051072576764,1
-0.17616045349727172,-0.5287791761816754,0
1.512135403154307,-0.44987078686034065,0
0.10502337311804677,-0.303758898018503,0
-0.977533151659945,-1.0168280382015742,0
1.81320559451407,1.1353195391249542,1
0.07746776279162781,-0.2910970201960159,0
-2.3567423903507887,1.0170845546281713,1
1.6427288382958114,-1.9068801601036114,0
1.1728504660317307,-0.6026543202552064,0
-0.8451116670963266,0.572062259821203,1
0.8975563234967584,-0.017541952940948735,0
-1.0458526187625128,0.9153038150556186,1
0.11381230547434407,0.7463403228441029,1
-2.300345106516275,-1.7576952603640503,0
0.54201104990242,0.9536274662605683,1
0.6792056601473864,-0.21736198781103244,0
-1.2729995326647146,0.4144987855982254,1
-1.7654666305753544,0.9754692977065366,1
-3.9834746140079442,-2.82557228260916,0
-3.153325374337372,-2.348078430679363,0
0.5037210923108146,-1.122316311061485,0
2.0554426992404466,-2.1526527983904025,0
1.5634636921673255,-2.9558092677121084,0
0.44424534886805245,0.8862894565547554,1
1.5386617347295228,-1.8163542500099779,0
2.2704610441318755,-2.189825103475348,0
-1.6723384016991565,-1.381118018190332,0
-0.5621795414613135,0.5888548459045584,1
0.5879039148020446,0.9077953519274364,0
-1.3032812113283012,1.112871774623726,1
1.8395552104160817,1.154564370027665,1
-1.377366265120607,-1.270615809583434,0
0.6425176596363835,0.9761525429968289,1
1.7067030183221485,-2.5825257393897143,0
1.97216116306339,1.1053794898745988,1
1.1091577836335855,1.1105087234798674,1
1.1753218412602107,0.9982097523500565,1
1.4224587130206816,1.0946357966247262,1
0.6172824851498346,0.8713416384672483,1
-1.0193647476667842,-1.0068914194177978,0
0.29152343381984924,0.43287297347414455,0
1.0532747496861359,0.04449813656416901,0
-0.5472412719717907,-0.7443161926479734,0
-0.2836355278012379,-0.8837379289519418,0
-2.010917339183618,-1.6407318226152863,0
-2.2517708544082082,-1.773322644902079,0
0.286587554838291,0.8798587121940468,1
2.032195651673036,-2.3874110989287827,0
0.31781411042760765,0.881974953348171,1
0.006877884880723828,0.4961978816135517,0
1.1269061725178455,0.9172187673774039,1
0.14722884120338264,-0.05169449230740408,0
0.8614891194484311,-0.8493387919593269,0
0.9965727646911484,-0.6597576440000277,0
-0.20554740245743397,0.8487072036838601,1
0.1741370467879635,0.8638310010132438,1
-2.3324468236194,-1.9310151601162469,0
-1.1790284071530441,-1.1057699090665216,0
-1.501610054402996,1.1042420412010334,1
-0.25553357641107866,-0.5018561381438555,0
-2.429140759053082,0.8396248083978459,1
-1.7692618211368438,-1.340843592084212,0
0.38258264763966976,-0.508892797165319,0
0.30512488817576977,1.0397397851295282,1
-1.5845218501430076,-1.3843655569079834,0
-0.997037236834373,-0.2927347713497146,1
-0.5483164530375707,0.8237703517136936,1
0.08296547892023143,1.2358588749699084,0
0.460741635428467,0.01951686810320208,0
-1.549604902397922,-1.2666464119580045,0
-0.8876724787039306,1.5668330466632114,1
-2.0452425917154002,-1.614276473930775,0
-1.630281712317878,0.29673062563647945,1
-1.3487940051819316,-1.2498085794033442,0
1.8608471973475535,-2.6386349418292743,0
-0.6818273671819368,-0.9122555761485914,0
-0.32559949992691517,0.7838340669789222,1
-1.4485785286011212,-1.279624638120282,0
-0.29815540956065356,-0.6156100347023434,0
0.9907433500296186,-1.04652735704016,0
1.9098720615704838,-2.2751680895837625,0
-1.2125631832845984,-1.06099290149534,0
0.1647770466337919,0.8678758368273143,1
0.3303607270558401,-0.41678901250029765,0
0.47236715761730097,0.8531228794625251,1
-2.1610697994351415,0.9997766447386058,1
0.22541293231464343,1.4998406084673515,1
2.120771789329729,0.9776301361277004,0
0.11764615377416199,-0.27247357424522,0
-1.3347045423216102,-1.2004353538899875,0
-3.2114924733702543,-2.2934496195780696,0
-5.140398190215697,-3.6183625901371683,0
0.36369196963195294,-2.266662848177949,0
0.03952877954120093,1.026658855951787,0
1.1739125230060117,-0.9298375225858098,0
-0.9105453981527154,-0.8284730243728827,0
1.2858689370134746,0.397112838456394,0
1.907236230737635,1.2811565674852503,1
-0.10333307342587883,0.6588771076888547,1
-0.5424234927177749,0.4815682549155874,1
2.2389929613438877,1.2785492924663382,1
1.839780141632742,-1.2910868616634428,0
1.3702109373211748,-3.206469309535775,0
-0.46793392528496436,0.7580622860195525,1
0.19917055145320173,0.9626745931480627,1
-1.092146868800327,1.2596620306264572,1
0.8646457259142646,0.8535791861331941,1
0.7312929754977556,0.9444302852124504,1
1.69999209094499,1.0798443914587048,1
-1.4262939517764257,-1.287696925266426,0
-1.643794071191659,-1.4021369537788513,0
1.4813388863890422,1.0875121865301507,1
-0.9856598475667588,1.0163993224543815,1
-0.3846483584422775,-0.51321676116938,0
1.3717295568860985,-2.5071591940980413,0
0.6083490917372187,0.9626652191930078,1
-1.5640793592001303,1.2020997210437812,1
-1.1893333398102461,0.9240739787954048,1
1.1067584415497413,-0.3173432366007227,0
-0.4460907604031228,1.9967531293267466,0
0.9515740312372124,0.96467784481823,1
1.144366627301002,-0.49425148590534906,0
-1.7792990528053525,-1.5782636163127448,0
1.6601528049425414,1.1057936666703048,1
1.6259501632120936,1.0924039224261384,1
0.6344464053901078,0.0015989943904854975,0
0.13693867898174183,-0.07344833274282636,0
-2.183688557141621,0.21983932110651905,1
-2.1301194219423074,1.569579723200821,1
-1.5960231096347979,1.300004467242199,0
-0.7150107546288982,1.6929521148043651,1
1.9550836955234683,1.2556769641877203,1
1.4932590514566964,-1.9791146981361014,0
0.5965883442345294,0.8545284679232181,1
-0.41733542003015955,-0.6209837280901487,0
-1.4595238562187776,0.6496962099828835,1
-0.5378082000825989,-0.721848347730894,0
0.20930420905798597,-0.18185725435698974,0
0.6777098897426818,-0.02621222155784131,0
-0.6297083486342885,1.389260541434397,1
1.382835865963136,-1.2194994585481873,0
-1.881806583135329,-1.5661464074094236,0
0.29192768425589777,-0.22007131082999432,0
1.5823410360785262,-2.2396711063467594,0
-1.3417793589846299,-1.211043128441413,0
-0.7728173380552926,0.9296069102722719,1
1.0410481670945892,0.9834374151404665,1
-1.231985965450899,-1.0553671281054944,0
-1.4497610762863293,0.3200189351047008,1
1.274790944011642,0.38425864597607373,0
-1.4840951836356377,-1.292024037188881,0
1.8133463707265043,-1.9468289182075404,0
0.42346184047470814,-2.3806325752489057,0
-0.5777347956024452,1.0945999068871755,1
-1.1345334836045626,0.8770679679083441,1
0.7295641587322035,-0.6182031115816768,0
1.5147678055701168,-0.8611098527810369,0
1.395704765284109,-2.328856154062538,0
0.8498588721217673,-1.8365418284411712,0
-0.9681120969027901,1.1974996856818387,1
0.9048726185351175,-0.7718084531648891,0
1.9277625582844937,-1.1978989120656913,0
1.320202488992457,1.2228964363216202,1
-1.1436238488975037,-1.0365645757533253,0
0.4079097450441208,0.006119363483030105,0
-2.577228919196516,0.5451844599376443,1
-1.50238577281194,0.9472608110876746,1
1.0242938185769224,1.0143642810956208,1
0.15714581337970035,0.8814951235444767,1
1.1271853933775515,-1.0862958482656098,0
0.6386823673251,0.6120028408093376,0
2.3454259503682238,1.1775567623095653,0
-0.4146829920448666,-0.6063750186256028,0
1.2096880069623677,1.0542108020522836,1
0.9577435216008658,-0.3968371500118717,0
-0.05925951116670558,0.2173385419531294,1
-1.0976386298498855,1.48715711183972,1
0.6010705635008177,0.7474282346428799,1
0.36338345676886885,-0.34849370992367157,0
2.378847574209443,1.270518741804463,1
1.9940114140149294,-2.830160234558387,0
0.6453379844360423,0.8015894979747167,1
-1.9677352586865227,-1.5050021320686429,0
-1.3449121335276586,-1.2283565085304995,0
-0.6592471080350947,1.1905251371762657,1
0.0604222830394634,0.7007410119040034,1
-0.3907568950872815,1.0436703125540958,1
0.38939377980670753,1.6559523708952057,1
-0.5579318621978655,0.8000670535919059,1
1.0074892200218808,-0.8538213531663066,0
0.9700844858439601,0.9700803176874909,1
2.2068899822479406,-1.8675368513223662,0
-1.3265807076331626,-1.1784258065041746,0
-1.5099240089769277,1.0835292214122303,1
0.6352831661611971,0.8199183303974193,1
0.5956947379481041,-1.3186766657744202,0
1.3093701977031882,1.046588431496183,1
0.038617569085304115,-0.21447997477946878,0
-0.35176909212455576,-0.6319237449031403,0
-0.02321208654095064,0.8214200399475456,1
-0.5950857444741753,-0.07462031700751548,1
1.4242698084097918,-2.6899421054314487,0
0.9998157368151099,-0.6939808947385744,0
0.3825556890493438,0.799667092597719,1
0.34097197088962905,1.0938625766837047,1
-0.745302774675155,-0.8760194215303467,0
-1.6556747411683623,1.211898282450837,1
1.42819523027655,-0.9307349085644347,0
1.4215758079796883,1.1124175728295813,1
0.9934278311233085,-1.3164976881706494,0
-0.9109663576993322,-0.9592461028080292,0
-1.124995506891088,1.1371320004999232,1
2.0017063833213156,0.9606219962583795,0
-0.31245059552715715,1.5424947593826386,1
0.9501412024979091,0.06714250167172198,0
-0.6793406993521673,0.8089417915334541,1
0.9494954672036265,0.9573929987872875,1
-0.8032709473281366,1.7019995016932188,1
0.4574268976204413,0.9231315812406392,1
1.0701299644519375,0.9863734448466203,1
0.9978206719192534,0.9368899737261686,1
0.370373468596523,1.1091402543904234,0
1.5876874759637265,1.0941577870201695,1
-0.5189145616986993,-0.7426317666364382,0
0.8818195479036703,1.0584982716484823,1
1.3476042103619017,-0.21349331300121088,0
0.1464271402556696,-0.4446553512828345,0
0.6663553169857711,0.3029641106113772,0
-1.3053462948289491,1.0313162953013497,1
-0.16821072847733654,-0.5140755082178152,0
-0.6071048559783614,1.037650209953158,1
1.4255316121392283,1.0053182922218988,1
0.64028394302683,-1.1858431026139755,0
-0.1933545122810565,0.9114987560367988,1
0.8515092672850322,-0.82885748859539,0
-1.010645644994317,1.634308087321334,1
-2.3707492607291023,-1.8432409551690032,0
0.6875438512902485,0.9407416840240674,1
-0.679315888725535,1.0400891123382494,1
-0.812846362771307,1.1248864898542368,1
2.785714416580104,1.2986840077976192,1
2.4685518355425238,-3.2912256783478764,0
-1.1822635098073444,0.8193788719146554,1
-1.5141630189529365,0.8439856159199528,1
1.273965134387853,1.1076645439620323,1
0.7123180967524634,1.0033718291019904,1
-1.8715691244936492,-1.5659720117623233,0
-2.4826717989953373,-1.9273676401144975,0
1.2321657095618779,1.0592714234965288,1
-0.79625611277729,1.2380417028503328,1
0.7402716326960946,0.1301446915146487,0
-0.34429357659075865,0.6796314487214701,1
1.1438224482903363,1.0147247634794576,1
0.6871924963499323,0.996222789377482,1
-0.10323169006837452,0.8509203639729559,1
0.33891213610231175,0.7619585298644171,1
-0.7256621564998406,0.9901897294270667,1
2.4680765996456913,1.1202854237579838,0
-0.4576463180410444,0.5181066390533131,0
0.05296671028335964,0.04927344203845041,0
1.2592754082173574,-1.6082977778245353,0
1.597502999018971,-2.363432242735501,0
0.4651849104946264,0.7269303502411086,1
-1.7875068096276063,-1.5069058772725277,0
-1.3267906616188798,0.47122926026669654,1
0.42559344793525566,-0.015103378413043878,0
-1.9299872238882574,-1.7090055032886236,0
0.44855012349296375,-0.6669063548855317,0
0.5084432523413238,1.06220240424545,1
0.37118578744409536,-0.12854754820724423,0
-2.071245200360388,-1.5822515160361061,0
0.9167097304336919,-0.008895214011695907,0
-4.300239796352791,-3.0988873454190675,0
1.1667701299569997,0.9652596686013571,1
0.2882733949021439,0.8574712384276333,1
-1.2083909109148987,-1.0803976416515753,0
0.0766948222881938,1.5845634412293765,1
-1.964840380208221,-1.6080254577235447,0
-1.0153984947871746,0.7956215550523108,1
-0.5421589969001476,0.7910727559096126,1
0.6385266504411966,0.04062433174700297,0
1.1840199038981092,-1.757353715326166,0
-0.27420175410246816,0.8292949277080184,1
1.0371977485375015,-1.164477949218854,0
-2.4421538212062295,1.1119049006642214,1
0.4487008464786417,0.6728225038940627,1
-2.6606755319101,-1.9606900966541474,0
1.38176040020163,1.0295914694316093,1
-1.0242307132186959,-0.948389309093787,0
-1.852715998778784,-1.5225717838821011,0
0.008700242208613651,0.8939383194517206,1
0.5808223521265026,0.8979516558799978,1
-1.2181520711765248,0.7127764125944756,1
-0.36820423059002727,-0.5455857666342365,0
-0.29686193136319394,-0.6416363190037939,0
-1.2042789606323956,-1.1404622218739116,0
-1.300733384652316,-1.1773583643301722,0
-1.1067270168771615,1.1916586828977394,1
0.49560546935244,0.8188099822861089,1
1.516821153856154,-1.8175525282723555,0
-0.07858464083534455,1.1554213794518178,1
0.8555452837653461,-0.9138223054428196,0
-0.9900698645755893,1.6201761991296877,1
1.2825890471753487,-2.831818622675932,0
0.31807632656247264,0.954390881027944,0
1.1501805142475505,-0.17111667346183734,0
1.5787748747122787,1.168282641324652,1
-1.5625469704451107,1.0693893507151369,1
0.059731747788821954,1.4659204615475443,1
0.11327742159791865,0.9575698538448871,1
0.6865928454437855,0.9978822660729578,1
-0.0006787320301901989,-0.4753484059255454,0
1.3249399060331983,1.2638488955595826,1
-0.6399373575212287,1.0837337834070526,1
-0.11692005394243443,0.8738165236473061,0
-2.1259502611435632,-1.7317710524743206,0
-1.8692815571341903,-1.488352165189477,0
1.4997907879934531,1.1636770567418624,1
-1.4664607922900812,1.2567657699839607,1
-0.6476205636484297,-0.879807308478576,0
0.5911915502821791,0.554705083552681,0
0.70948388457949,0.7326179530227712,0
1.4827366703742773,1.0550345607861584,1
0.24737083838086116,0.9429836783455725,1
-1.2739334291060165,1.4015150471288946,1
0.14700606061356303,0.7058068047924884,1
-1.378326306229158,-1.3391938257412073,0
-1.263721787020069,0.7142117378763209,1
0.18663391472412527,0.9526254944480587,1
0.9306974752396457,0.9406427519398117,1
1.340819186030042,-0.008614968361996267,0
-1.9492502229386905,1.242346308369975,1
0.7656951117909094,0.5066357378553854,0
-0.6177575480839925,1.2184583365834842,1
1.042365115497112,-0.27870160446069936,0
1.6331071753516058,1.2014773430735337,1
1.9819432438987465,1.1252082272388741,1
-2.9426426158969026,-2.213567428270931,0
-1.8832202615029685,0.4753346522701154,1
1.890437863451619,-1.861164000646621,0
1.0795020645832967,0.947228868595144,1
-2.2091541574146962,0.8461943678900112,1
0.07335267982343441,0.634921193553744,0
1.371543170865166,0.9862550981007905,1
1.8122269320268956,-2.517303303878892,0
-0.7284738288789836,1.202715444818799,0
-0.5730871653493412,0.7370194548114843,1
-1.1842859398421022,0.8431480720744813,1
0.8112426213762041,0.9411435863293549,1
0.9036235264867989,0.8692031610445766,1
-0.9601600956129341,-1.0215010380134724,0
1.594481467797252,-1.3951802697494629,0
0.8657098010102486,0.24786958876676568,0
-2.3691395263921913,-2.015816914612386,0
-0.9874349147856831,0.7471659698420507,1
0.39660134288240045,-0.6348664039905811,0
1.2273779264741156,0.9663665680080765,1
1.0792521668148962,-0.5645134954235276,0
-1.9142180883349713,-1.663723292447572,0
2.1976660539664667,1.3020390574134812,1
0.06505905216805785,-0.30841588041004764,0
0.5089963456629922,0.8338893073677559,1
0.24750137619264068,0.7829150824094422,1
1.887452971368561,-0.9740715160578507,0
-0.8056390607668814,0.883310609230548,1
-1.1475992672018136,0.9582785141122102,1
-1.185795054486741,0.8925209634959697,1
-0.18581390554787458,-0.47652030543465873,0
1.3037871968302381,-2.0364007605489567,0
-1.6643536596749007,-1.4406634276310992,0
1.6812086666746475,-1.5494762459859468,0
-2.776445935489013,-2.1006934507209127,0
-0.37518713073262644,-0.491318484984707,0
-2.984341771333655,-2.246884199628189,0
-1.3182689091316862,-1.2427508732257821,0
-4.979200876587145,-3.459548793578289,0
0.7515785069266718,0.9813557712514533,1
0.3324585577714847,-0.20554816462529013,0
1.1186078688053904,1.080921804435315,1
-2.554301959893544,0.681273160306535,1
-0.4657508059608374,-0.7395398477630022,0
-1.7141091325907032,-1.6108727449479612,0
1.1324098249300452,-0.9750264654587198,0
0.03289354225439567,2.1533797480571018,1
-2.210352009301312,-1.7750895534682898,0
-0.4383063409428869,-0.7663082859966526,0
0.3000433092745506,0.01674631030228424,0
2.0410207628967525,0.9159120519152937,0
0.4387563686915973,0.7574269264061444,1
-0.6141514359703063,0.49600199656577537,1
1.9251931072715527,0.7701536331558483,0
1.2058161762317057,0.37723388086581355,0
-0.9119467872861468,-0.8807009840271243,0
-0.3454222611657308,-0.609363672167099,0
1.5906446770709466,1.1204778835216245,1
-2.399098211969321,-1.8678881641346647,0
1.2388055024925202,1.0012109169898593,1
1.35624057815213,-1.8432751979119757,0
-2.2148660663345723,-1.8066572960295781,0
1.2143011977896132,1.062797952229189,1
1.9405767708971546,1.165559170699013,1
-1.4607950052829142,0.8562127928297493,1
1.364637123820859,-0.8658158338677573,0
-1.8756856488767422,0.33026541095402295,1
1.2850151488795336,-1.2091280240601403,0
-1.8839549431200562,-1.605017647860902,0
-0.8962604260494588,-1.0368118259501848,0
-1.1003725438553222,1.5303251877919393,1
0.3049876180019504,0.8143123717275105,1
-0.6360894723928254,1.2945383650529714,1
1.7412870493279142,1.1339132239151155,1
0.3440700187574951,0.9634276737583761,1
-0.5084132102511913,1.278088222292829,1
-1.5937334914726198,-1.3944585086377634,0
-1.4194738454210145,-1.2380374323456498,0
-1.6805018166363146,0.8058823899887847,1
-2.036509488174838,-1.5992235946204274,0
-1.2217864385078747,-1.1266518634983707,0
1.0953079358176696,1.0774806345085013,1
-0.6023186270621489,1.165149212518094,1
0.4714101701406649,-0.4926725479966847,0
-0.9901444195258049,1.1021024328231541,1
0.3322502709242251,0.7657309107188792,1
-0.35583439035676045,1.4902482875898826,1
0.27435365794352373,1.0375404204863479,1
0.44244532763784117,-0.6123941083699134,0
1.2383454482551528,-1.227652835069056,0
0.37688831717345106,0.8873249572042405,1
0.7215732812910554,0.9746212314417736,1
-0.6348924282325614,0.7515171855621217,1
-0.7955222369544237,1.8523730259545539,1
-3.345924562899559,-2.5127114095399197,0
1.3710200187394443,1.127080013213508,1
-1.0334590066148186,1.277252785782791,1
1.3173871543480813,1.1860083738652505,1
1.386482734907592,1.0317135855655306,1
0.08870499542844301,0.9224716395051027,1
-0.4820598398606212,0.9362858332858086,1
-1.8204930955163003,-1.505952262399126,0
1.194292194635051,-1.013172403371223,0
-1.0962495432107686,-1.0698934838417242,0
1.1944188520353711,-1.8486986156855292,0
1.8164178988163715,1.30005771884383,1
-1.5662270939857728,1.4031245271585944,1
1.825491376508221,-1.5943949035728062,0
-2.0498477038855043,-1.6337625238187545,0
-1.4115029848130511,0.41698202871027723,1
-0.781806930149979,1.2218679027239052,1
1.9443361148211218,-2.2951626191577335,0
1.7028425461851193,-1.4822917301015692,0
-2.4718986917711057,-1.8803977860052432,0
-0.1280494469858613,-0.4238827221066229,0
1.2607821783694062,0.43165443558559957,0
0.4462088686637221,1.0968112731620274,1
1.9842090572367936,-1.34087016268675,0
0.24312127070217993,-0.2735251086755298,0
0.7491210706134335,-0.1551932070673412,0
1.2573172505338397,-1.554470581159163,0
-0.2618753653838286,-0.5075666135067485,0
-0.21617787560992197,0.2045993238547994,0
-1.1649543487472975,-1.0279214624365456,0
2.665798340799738,-1.920512512928175,0
2.0100612240543567,-2.2349312051363537,0
-0.33336574737056834,1.1361476010730758,1
-0.7671970729212865,-0.8056699701583618,0
-0.08755643269578284,-0.4825146897570042,0
1.4389495125593235,1.0769803177632675,1
-0.9527598518725672,-0.9473950022959952,0
0.3852546387184894,1.3742476849703933,0
-2.2230965997783483,-1.6861241927272523,0
2.195553959926728,-2.283657124018681,0
0.6011618353734396,-0.8792742125963564,0
1.307442577518862,0.5154812837759117,0
0.9744901311637963,-0.9455215827300573,0
0.7153843425108575,-0.13474419212290023,0
-1.3326726009834309,-1.2475753643379852,0
-0.12771003959858462,0.6264458551518941,1
1.8605755826442492,0.8755445009044074,0
0.5203850640122027,1.3023686517712936,1
-1.4952423552284873,0.5586766155634705,1
0.12805194500347494,-0.3213490781148728,0
0.005892986246769594,0.7738973748606606,0
0.6775656106991279,0.12363871118164238,0
-1.998639072114517,0.6394829448219739,1
-0.3329895867815982,-0.5654962113167336,0
0.6976329448176946,0.8620920597924437,1
0.658409502930217,0.8913086448453018,1
1.9213327657372312,-1.2715272247518188,0
1.3141926792628622,1.1094570463129114,1
-2.4585991561881753,-1.9556194055238787,0
1.4461772385438612,1.0893810754517306,1
1.0900574636931997,0.9653721738674339,1
-0.5558376784542582,0.6404674880237489,1
1.3630098851362291,-0.8268832829234947,0
1.0308366841198162,0.9175731359992428,1
-0.4403308530095834,-0.7246195314146768,0
2.3465848802991705,1.2039599754928676,1
0.2959061323336043,0.8652197327486209,1
0.9230078480210733,0.3065358156699669,0
0.162339576495923,-0.21417575999997351,0
0.9031243740165275,-1.0034445137649672,0
2.3076337198216326,1.2494573834574176,0
1.6724160707526528,-2.1387313167432334,0
0.8086912666761237,0.9385803344151221,1
0.39488582361507574,0.9764345016412634,1
1.8428653966850552,-2.6239306852118074,0
-1.4368526822780119,-1.29518214363123,0
0.8658922364572962,-3.2569511670192393,0
-0.6260271272195848,1.1493180101985176,1
2.677032217513598,-1.693554727710295,0
-0.08155421295863863,-0.5030919490998379,0
-0.9162447106918656,1.3213371613393345,0
1.2751831910750622,0.8723801964066806,1
-1.1194379952298639,1.2912847765268334,0
-1.1644312241287988,-1.1430618893445776,0
1.8253949045396722,-2.1022568406570756,0
-0.006066617614012504,0.8741289522181159,0
-3.629326314446075,-2.5501934615829986,0
2.3958007114036457,-2.9822666112254845,0
2.3036010853434594,-1.5492815686337182,0
1.3656285701685877,-0.7182779209246013,0
-1.4893601560757064,-1.3198325825807804,0
-1.3928918457737751,0.9707454270964361,1
-1.5823387430132763,-1.348985379618433,0
-0.9874692131339171,0.5659611176487618,1
1.4785526286729438,1.3003352972669995,1
-2.9742603347350056,-2.211174802723267,0
0.5598726672302053,0.8661542190441925,1
-3.5468191879665896,-2.563828371963521,0
-0.8466303467923946,0.7913036826591342,1
0.4878409514811106,0.990098064290021,1
0.8476282522516909,0.9286904471090669,1
1.5545955427249853,1.0669296836093856,1
1.5469294462353649,1.1842793310433875,1
-0.10699420244469349,0.6892885104993159,1
0.011799126033698926,-0.40760868826886776,0
-2.232414673216201,-1.7592300439403088,0
-1.6600267742249406,0.7722694986091042,1
0.6172311343620818,0.9865555643532451,1
-0.8406806945146534,1.543001332517802,1
-1.8733111209593718,-1.5493997280570806,0
-1.1852468745803526,-1.100518843357529,0
-1.7299748059261828,-1.4623358325296651,0
-0.6093934796757133,1.7054422294401048,1
1.0450318255948436,1.0453545555807502,1
0.9814005108595253,0.9869069723438616,1
1.9228483392157716,1.323126549840957,1
-1.9384809445349656,-1.6741755738547859,0
1.5718026368625648,-2.9121712650540896,0
2.041926087280335,1.3478045933087783,1
-0.12027826128363794,-0.6815029541008478,0
0.2921201961516733,-0.7431118280889835,0
0.8554809536554719,-0.6344656591806216,0
-1.13968934940872,-1.0453566490731845,0
-3.215241218854935,-2.2389423418356467,0
0.960342438483579,0.8365753711797421,0
0.9916223880457101,1.006923360429369,1
0.5930630481010004,0.9972461778477267,1
-2.5421350776014306,0.9625779263487191,1
1.1297167664580317,-2.2536389422756713,0
0.6263805896812603,1.0183805478775985,1
0.12617901908728513,-0.464019791839721,0
-1.7860112272109652,-1.5160852094693025,0
-0.29517968568706765,0.7839527118203866,1
1.1602790189602192,0.9778611224420907,1
1.20110920453171,-1.951407012504497,0
2.071927913241818,-1.3054599595965548,0
-0.2643748047507086,1.3868876096379519,1
0.31464557504615387,-0.15130597363068143,0
0.0533743161122866,-0.3608748039660956,0
0.13357277761380515,-0.2584335177601045,0
-0.6786055166227702,-0.8010837332396259,0
1.261037381531251,1.0127547945869506,1
1.3727691342564026,-1.777797262757943,0
-3.059138598834559,-2.21374913364299,0
1.0682564144182625,0.9380797640575463,1
-0.6215677174154344,1.273650748330902,1
-0.44870784281178455,-0.7096579691389635,0
0.5803829696308196,-0.4469076418920227,0
-0.3607635283194319,1.031569998030685,1
-0.14215063885581736,-0.3702496733157076,0
0.521184219549552,0.882256381576628,1
-1.9760980513984538,1.2303351223856873,1
0.2285813873699194,0.6271260754819008,1
-1.5176569004922238,0.2580274161659373,1
1.2148001015318346,-1.0580530425628352,0
-1.6886530189135298,1.70419366821061,1
0.8238055760472258,-0.4602898469215927,0
-2.2670945875789656,-1.6300779263774898,0
-0.0076892701112301065,-0.10703170703236353,0
-0.021447350360491724,0.18898448122541578,0
-2.3976751591355923,1.0682358906272422,1
-1.9225103905475027,0.7914495373107707,1
0.06101590904719245,-0.35660973056055567,0
0.6726018380263166,-1.1253291394127292,0
1.7236804419773697,1.1024864410647597,1
1.1395544336460677,-1.595662237493026,0
0.7954209245415542,1.1046514010729755,1
-1.940075418940249,-1.6233845832285843,0
-1.7704399322256588,0.7430730500220977,1
1.0839032478909496,-0.4902421711586037,0
1.747290280240215,1.309075550954904,1
-0.7837528810627632,-0.9758654410567569,0
0.1393218851410799,-0.2162666627023928,0
-0.36733978693859703,-0.5923910495206265,0
0.29023362290115395,-0.24940818246931928,0
1.967754385830831,-3.2993970907097125,0
-1.4582423331155852,0.8097036480456604,1
0.9734959103745964,0.2940865556769996,0
-1.2671252743221817,-1.1903233599375642,0
-0.6521553664141613,1.329805662849373,1
-2.0485088051664615,0.7490079848748115,1
-0.4428549983473572,0.9265489565784459,1
-0.8864208592586897,-0.9714338312659655,0
-1.5295908044233184,0.5225505701514606,1
1.4584591683112906,0.9277835916238422,1
-2.9856582009336785,-2.4500039161492255,0
-0.6278176047828486,-0.7860830402733021,0
1.4094066946497579,-1.162512968134768,0
0.46358955086820686,-0.09358791462787663,0
-1.4183843093882826,0.8988251206292401,1
-0.5450374603579244,-0.4007175424263616,0
0.1736893662165655,-0.2708138377815792,0
-2.1081235666985734,-1.6960601243996203,0
1.2510707931059306,0.9760587722830277,1
1.3520495994602881,1.1146116989759813,1
-0.7312722701256659,-0.7971553033787968,0
1.2881083989178674,-1.2615753123121793,0
-0.16857300235319095,-0.5157297260096348,0
0.2911112262304787,-0.14995769875970089,0
-0.0460972060654925,-0.46068177673775645,0
-0.385840097619069,1.1555546717098593,0
-1.3969947847161315,0.9618917557337819,1
0.4224454376691147,0.8952176525849326,1
-0.46989877803441626,-0.6948297575559832,0
0.3186717520358606,-0.47861484109121544,0
1.1093798640113284,-0.7053183173607482,0
-1.8492101385744248,1.3219334781766938,1
0.826400448180943,0.19075747383238162,0
-0.3379681620225472,-0.5062292042906263,0
-0.13969597962425073,-0.6215927583086414,0
0.5761803464026728,0.9926714678781422,1
0.6096761054348315,0.9503903616146211,1
-0.803038901494536,-0.7400100885173688,0
-1.3919928715594247,0.5463316747381445,1
-0.10355880941907769,-0.369068512476857,0
-1.8980659246384166,-0.018456888775855607,1
-1.6981636981440227,-1.3891554687946437,0
-2.1309408319652037,-1.7595340115622573,0
1.7561464385372842,0.982943786115458,1
-1.0916682286423318,-0.9998352984051118,0
0.16660824950284236,0.9462784876864224,1
0.012372474302550063,1.2698259708999937,0
-0.038809369351545886,-0.44466740986183984,0
0.7277451285665723,0.8801554233021593,1
0.9134539513125403,1.044757177531284,1
-1.7285729151287965,1.428731529190425,1
-1.5061256443147637,0.488033818095134,1
-1.080534305709506,1.4395890311719692,1
1.345466596366852,1.0504299049406716,1
-0.44703767365543334,1.437060133474794,1
0.8668729365766463,0.09789308246778283,0
1.538302799278485,0.9922949912219656,1
1.5085756632635874,1.0633776559106864,1
1.4168617884371457,1.1475025690546858,1
1.2068012005131186,-1.5409869899416664,0
-1.8840324028281012,-1.5828819318597334,0
-1.6227758557525696,1.2353871628195587,1
-0.862744285227826,0.7065213320898904,1
0.9126039420144043,-0.8711872583151645,0
-0.716455272424201,1.195190386025612,1
-2.0242157736454223,-1.7099497542389983,0
-0.9439816838132862,1.2281675466446966,0
0.9363207073742501,0.9738640606343241,1
-3.1074603279488926,-2.3595063786297903,0
1.0553643898394713,1.1246051235231584,1
1.4893124512670042,-0.7957396880319538,0
2.2380073809723893,-3.274476034716315,0
0.8139036196940934,-1.236139943098315,0
-3.190830816970054,-2.4304082153954565,0
1.0781039560806331,0.8628862158089723,1
0.4385015832567293,0.8916318984830589,1
0.8286809231042138,-1.3144364046639239,0
0.45797965375706484,1.1447365440533237,1
-0.45404294202400586,1.5618298347892379,1
1.110374766641728,-1.5786620627301662,0
1.2716959399850782,1.270523525644164,1
1.4484213546270817,1.131146626034504,1
-0.8757108587037263,1.2540760216423368,1
1.2672520925708055,0.9788219420056511,1
1.4657361976364323,1.2281450589870715,1
0.806974939548661,-1.2397905042523623,0
1.948927916736015,1.185082667266419,1
0.48132238109450476,-0.6051098596836786,0
-0.16984222817999628,0.17211436817423054,0
2.867296260095804,-2.699356379406055,0
-2.2964730742237998,-1.8418120943086973,0
-0.5572321075181721,0.7025750373464521,1
-0.8266607518562212,1.029351395069964,1
-1.3647753958178312,0.3578090008395256,1
0.7035939278558299,0.44462091499575007,0
-0.3378068715514996,1.3866650200619173,1
1.166403758348253,1.055886567275276,1
-1.3101649804442275,1.180245829871502,1
0.29380914939162683,0.8706302731351063,1
0.673943443326846,-1.5183745955732704,0
-0.1956855202415808,0.4129247847238089,0
-1.9533732530845525,1.799953397626713,1
-1.9326101368842226,-1.616758848952244,0
0.6287690886974397,0.9937294259623729,1
1.4551211696432453,-1.7216457813334771,0
-0.15872544240059017,-0.4690782223333554,0
0.6771164600131595,1.0155614334772374,1
-1.367922491169249,0.766911014924299,1
0.7338611210238054,0.8064023728324948,1
1.4905998723942273,-1.0771055719025695,0
-0.20358333894504654,-0.24104717807690557,0
0.4230304002492504,-0.5314425625517921,0
1.670333921360518,1.2051176480444434,1
-1.5061321806811985,0.503799599571116,1
1.2288508130538909,0.9389360745280797,1
1.367448959707584,0.44516983259860954,0
-0.7722720409290287,1.3021452025808864,0
0.6269300411694242,0.885237520169618,1
-1.7361663977997983,-1.4888667236537614,0
-0.3477398689353548,1.3640515023006454,1
1.2768190972695923,-1.693268033239374,0
1.4092212140694285,1.1762935421083114,1
-0.8436941271339726,1.6776048969261008,1
1.2863381430534009,1.0377173871697576,1
-0.5796799647771023,1.2595571258397191,1
-2.1729970979305064,-1.7364302930537927,0
1.4001957363146686,-2.238007105860161,0
1.7391475014069746,1.1166386436622546,1
0.7954507456239422,0.8186901825396474,1
-0.8943276550215664,1.5123685573543413,0
0.10768744146008058,0.9596993735655903,1
-1.330016643808438,1.1323385180840604,1
1.9518738591881002,1.2399374182460838,1
0.544993858745656,-0.6813640832951746,0
2.799121649860589,-1.498024756981219,0
-1.3460238420556867,-1.2824217362999917,0
1.6607520919013634,-2.3319654209645084,0
0.5721757069467059,0.9539693909656372,1
-1.5622666073002414,-1.3267455484789379,0
2.2802275551231688,-2.143973634297289,0
0.7714556464655539,-2.135439024098961,0
1.4957233299071246,-0.6225836844255128,0
1.6069243557234683,1.192598384945111,1
-0.6302359378137652,1.1011947340461599,0
0.028759870668478182,1.1535845639934252,1
0.7029533104108461,-1.0603451904838248,0
-2.740586448110238,-2.0842003309609014,0
1.658605368084176,1.020363116837886,1
-0.561767589284865,1.5317333177114925,1
1.7096418932146773,1.1485470458732434,1
0.837173234100316,0.565541754200888,0
-0.18589267867684955,-0.5974712242896089,0
1.1040562480956195,1.0828045437449152,1
-1.215559554494204,-1.1064944606775724,0
0.9161524780360638,0.9724016184674823,1
1.8857195002643203,-1.576602832751713,0
1.6919260211034288,-1.279957622794016,0
0.1431702482365833,0.817186146370255,1
-1.4316036693108982,0.3735218005557942,1
1.1427045274096919,1.1911414226078016,1
-2.1182175630066924,-1.8066200186880235,0
2.0667232055629627,-2.8989068474065114,0
-0.3266558287938002,-0.6243384308706696,0
-0.3661094624759357,-0.6600452379278552,0
-0.43741318174506794,0.6485752078552842,0
-0.9198522272077647,0.6167839914487733,1
-1.491688136158003,1.175430025557609,1
-0.2782958516741061,-0.6926894501804155,0
1.5015781986773544,-1.6042184452567891,0
-1.1437256998300467,-1.1309960827355652,0
0.4178665626016457,-1.6443853095098673,0
2.81853188843494,-2.5185299403282246,0
1.3358208419306346,1.1055103326109852,1
-1.3496193024071768,0.9711577604449859,1
1.3265985876362925,-2.403733019610412,0
0.46292798292373927,-0.08672423947808827,0
-0.3130621323364442,-0.482929517400824,0
-0.3671141339993964,-0.11126516959211485,0
-0.433301177890693,1.4407232979780225,1
1.6329895637187684,-1.9255467770408812,0
1.0478407367258724,0.9788783898942408,1
0.29299430020855644,0.8577188260165299,1
-0.9319749607279177,-1.0124383871032208,0
-0.677021203535227,-0.8019127716370439,0
1.5221420275483648,1.0594550424457871,1
-1.955658742839637,-1.6675241072337066,0
-0.9226267527326673,1.1335271161534197,1
-0.5228099630232084,-0.17055351379336425,0
-1.2790250601409348,-1.2647399638130408,0
-0.6219744501682012,0.9604968036089526,1
1.9574304674396577,-2.626220577187688,0
1.0829778092218567,1.0963204245036464,0
1.5930156451215192,1.0433336598642986,1
0.07672533022151629,-0.336614108111954,0
0.5042670334497115,0.1755074874170608,1
-1.5752653880382166,0.7782612948417206,1
-0.5055632457112305,0.6198886089434149,1
-0.16756670810455399,-0.2794634781347898,0
2.268783051133664,1.3052953551945823,1
0.5653385979307441,0.8193064771713157,1
2.110446792206406,-1.1141531338494062,0
-0.8685592475270589,-0.9646810277707425,0
-0.9260430032381948,1.5218382575225364,1
1.3459057530836578,-1.6469749898155297,0
1.2711056392645603,0.9631115951537522,1
2.556671877747216,1.3345394900919447,1
-2.8864898611379584,0.009887129163441033,1
-1.0626189018223835,1.412576963035588,1
1.2481970513173026,1.2669695155052878,1
1.5061614972464918,-3.1061966802617302,0
-0.9447657508043723,1.3908736225416507,1
0.31147825683665264,0.7429235149259084,1
-0.13000143543612075,-0.9332813646965671,0
-1.1845384618436274,-1.1303314405733904,0
-1.7626644382514232,-1.4381028531156566,0
-1.702768684304151,-1.491321620107302,0
2.1764622354844416,-1.8329357866986522,0
-2.6811423594407646,1.0163213651645862,1
-1.5338631869959913,1.4048542344206076,1
0.3645703489199279,-0.822030224521524,0
0.6326480122284075,-0.3713168074692821,0
1.2513999083591387,0.9503973494021047,1
2.074808295928744,1.2536809295284126,1
0.2585261277439751,1.042349792885001,0
0.7816363888183345,1.030581639859384,1
-0.8030637915825367,1.9566285118359141,0
0.11559887896950927,0.7192723338905772,1
2.007421121616485,-2.798257867685307,0
0.5936866331092215,0.9054622109347805,1
-2.048763452693981,0.805102099915757,1
0.28001942080566533,0.9598548657837467,1
-2.1247132220559184,-1.763584935273402,0
-1.042943225624488,-1.026260883084049,0
-1.0265379216202213,1.0693022295701593,1
-1.4012158280440212,1.5508238932119038,1
-2.2710835826521043,-1.8408669051222848,0
0.7776675635262167,0.09435794547340381,0
-2.8275118658242526,0.9611174192172517,1
-0.05240719012275896,0.9518391139725876,1
1.147630983689694,1.1937021663803928,1
-0.0033139110074795752,-0.8295051378464379,0
-2.496952106635539,-1.9160192347123117,0
0.7561710540670235,0.10629866183812542,0
-2.25306894718251,-1.7475134982410439,0
-1.3555058375369327,1.171364664295536,1
0.7967093628415394,0.9435746315908415,1
-1.2657927414733308,-1.1344357272982726,0
0.039581817884150494,1.9343677570701168,1
-0.966528281003552,-0.9191691561201127,0
-0.9732669121997156,1.1073826261054576,1
0.30560916437771257,-2.556441616333889,0
1.2026768725129604,-0.752296683129002,0
-0.6764355774306456,-0.7521761563030306,0
1.6437230565108707,-1.5778779935858729,0
1.4375396124120452,1.0227535799684033,1
1.748012442879772,1.1653343995166343,1
-0.5534071169617272,1.066966406799802,1
-0.18729187460573127,0.7188245536103646,1
-1.1660657844260196,-1.1205152393399236,0
-1.3526493887712232,1.1857589014727319,1
1.06567214177138,0.9915620697383468,1
-0.8184198424038943,-0.956348446011636,0
0.17803042692063742,0.8295238144032533,1
-0.27212271777093155,-0.598779031638415,0
1.5145413553891465,1.1363952127465895,1
2.128741318647287,1.3903305559822554,1
0.2028341994847832,0.9027812093685132,1
-2.9680225391973654,-2.31433008459475,0
1.3206163447587085,1.0492911855868852,1
1.218074532443186,-2.172543687304636,0
-0.6709393205923146,0.2555347771006611,1
1.2119047643990357,0.3547543234942143,0
0.00033912263747815086,0.19929055703028786,0
2.23700717975193,-1.9792328670654655,0
-1.6972526090902922,-1.497809205622008,0
-1.5989462963072079,-1.2142321771686349,0
-1.733372150656283,0.4426825219168026,1
0.29460659500529895,0.8997074755598111,1
0.4649453061329012,0.09185055533912156,0
1.683823039250694,-1.4266381748953063,0
1.1999384332670884,0.9988715660480821,1
1.1426280148871906,-0.8421452502242792,0
1.1179640617307405,1.067124822083522,1
-1.4841050128364353,-1.3365258758182934,0
0.2553211445640935,-0.2719360611366344,0
0.856021284574871,0.8041190566454787,1
-0.33355669097123686,1.2369900380507417,1
-0.3840997423181791,-0.5202795913807823,1
-0.3713104796210326,-0.6912870681484453,0
-0.483421180829568,-0.7257927553992518,0
-0.34175543098123207,-0.6195956274289827,0
0.159244274402495,0.7023159564480446,1
0.8196160095966625,1.033422062900194,1
-1.350835909231796,1.0990089757530186,1
-1.9401039538445666,-1.5734329582523425,0
-0.7695542875563693,0.30613757507651795,1
-2.931391828180015,-2.1600326355586965,0
0.10879713195405083,-0.33878031403349007,0
0.7566478403487094,0.749420778003466,1
-0.9885055704617144,1.4614050761910484,1
-0.9235017448617747,1.2095249026570036,1
-2.1795227847945666,-1.6636682032368266,0
-0.4832179732845472,0.9223497110730972,1
-2.3394676261546508,0.5432027876991434,1
0.38444112671259845,0.4610768428278793,0
0.8825370675606372,0.9136594187553881,1
-0.8966805914739202,-0.9678709267204543,0
-0.8362425682937082,-0.9033635648356028,0
-1.2754055818561991,-1.1039275814703697,0
-0.2006527069510644,0.513756360689364,0
1.6546837417652747,-1.1551746088014712,0
0.6925785533623801,1.0060892755899586,1
-0.16582036226496255,0.8357882380905864,1
1.6907374139163796,1.2234175445308566,1
0.5833643607701218,0.19937610995893573,0
1.2355131256339562,-0.7989610652175367,0
-0.6930482781552634,1.2709145142273384,1
1.3350106561753605,1.150721793290435,1
-1.8824946988153743,-1.5582926770878962,0
1.932789260449465,1.1265439608700532,1
1.0799383088540604,-2.5290114558736048,0
-2.300301620671203,1.201515010682936,1
2.0640396134224854,-1.8520137516485433,0
-2.8717087379248776,-2.195637805600329,0
-0.533375132344797,1.0204009626970043,1
0.4216256747740861,0.8354930857579996,1
-0.6623585378457553,1.1964706522568263,1
1.3126693599707058,0.938917983931025,1
0.4320328248529315,-0.8827838323250387,0
-2.5669257721746153,-0.09901721031516497,1
0.7105422383995104,0.1770261219774596,0
-0.2967317167930099,1.8960389214290432,0
1.130261968235789,0.9898852754315762,1
0.40777461605748644,0.01912765171524522,0
1.7062872990358555,-1.8093803670879463,0
-0.12181835902295668,0.6913217700509702,1
-1.7051514226013,-1.373898975159892,0
-0.4419527315169455,0.4860772795628707,1
-1.0118340528834013,-1.0455157051848079,0
2.4454585420777204,-1.6496773969613119,0
-0.1232183931186992,0.5856756656947275,1
1.8275255523027414,-1.2311581428590241,0
0.010069546146874497,0.24499242392568865,0
0.2458078272184694,0.6974813462912818,1
0.9718905791549943,-0.56479820836537,0
0.09784239903852165,-0.4383578556517478,0
-0.5678086905895474,-0.8350109314600478,0
0.9699962710452992,0.08966963066607336,0
-0.7565652879969533,2.1837388570177843,0
-2.1950448062572323,-1.8042481577402056,0
1.0273268097619384,-1.554314839361115,0
-0.00428031368950732,0.8657274221936428,0
1.229435691235965,-1.2622537338677207,0
0.5718976846763294,1.0572091420633911,1
-1.160109382112692,0.7306643565755749,1
0.3053817212842256,-0.44308543335350636,0
-0.16022305322350838,1.3315970092171705,1
0.6545896891613361,1.006558613798051,1
0.07759014825718458,-0.6922944225057271,0
1.7661628556082627,1.1518884848462878,1
0.7310899050383212,0.23365593979892907,0
-1.9242248824564174,1.1214997275620298,1
1.993880100250165,1.2052106824393143,1
-1.3476864685194667,-1.2390405496805963,0
-1.0660959075655154,0.7295116099131033,1
-2.6806455186527787,0.8659491865162285,1
0.10408918590576899,0.5009809728475632,0
0.9186584334831688,1.0143787859825222,1
1.5572838263631366,1.184738953219625,1
-0.544821005395609,0.7072390529570285,1
0.08978397046517739,0.9479574615810398,1
2.5303108437622805,-3.257459247070201,0
-1.356760256614554,-1.2423507911697804,0
1.5062897996875964,1.0094014004088152,1
1.1688057037978938,1.189743788326312,1
0.3309207043161445,0.8890748103587609,1
-0.34615391637059956,1.4892649761636738,1
2.189406709927966,-3.217496026088457,0
0.4202609262604722,0.8566846389308969,1
1.7658837918850838,1.0703953375991904,1
1.3850403965352815,-2.217108361184502,0
-0.34017588324301695,1.0336669349210352,1
-0.8736894859832858,0.5171770787029555,1
-0.06841911221124719,-0.4323730833503683,0
-0.8945517716069382,-0.8862538594096276,0
-0.8111880120950045,0.9098861900514286,1
0.3205510214829016,0.9627126489010039,1
2.2505517740684446,1.1526827986843282,1
-1.144854593988861,-1.090651568138024,0
-0.6727676213575499,0.44330594363802256,1
1.4672512028603044,1.3452695372407784,1
-0.39146878747351443,1.3266218674589512,1
-1.3723535824926951,0.8043224670351078,1
-0.1918194530184959,-0.49635620694243054,0
0.35485947841284193,0.19102832009998227,0
0.9641096943564841,-2.2446789009582906,0
0.004032418025495144,0.6075399118795605,1
-2.9860834815650206,0.9421698538440241,1
0.826319282277738,-0.9854282537094251,0
-0.7424904647879376,0.6366601561895759,1
-0.0039187090878543,0.29186875300279636,0
-0.8252585734715391,1.7896218341245422,1
-1.868134113299237,-1.5842558986248163,0
-1.2225375203609592,1.2215009370834111,1
0.7696677896667032,0.9324535913213775,1
-0.07729217543333644,1.6337874088522284,1
1.0872462715526254,-0.32326081655296846,0
1.545172266206766,1.0171395193910364,1
0.06404475125913822,-0.3276980043633714,0
-0.2809478811950834,0.6736572679103634,1
-0.9711015249747413,0.028294568054996194,1
2.396569277036246,1.2901029049779862,1
1.622763059959391,-2.017562163021034,0
0.6475148288785857,-0.3052196978894173,0
-0.36673926446305694,1.1862997028150792,1
-1.7735586440510132,-1.4534824783481073,0
0.6299976846443078,0.3750873090572544,0
-0.0077852403014886384,0.8699020238574808,1
0.4425498673992344,0.9753578513871132,1
1.3202892705338236,1.0689276305620623,1
-0.5171550622261032,1.0999707573314823,0
1.3121588383215468,1.2131698792683085,1
-1.052527050692852,0.9558330774521355,1
1.614104337431658,1.1802613014374022,1
-2.3241549976282343,1.1708477582857864,1
0.3265488576961264,0.880060936421613,1
-2.7413958059239794,0.7758045887407616,1
-0.3089855124443792,1.5043847760588507,1
2.1610807823604556,1.2008157846327663,1
0.27622632978754225,-0.27729378439245955,0
0.30342944925021453,0.8022584604907116,1
1.0829860691340745,0.8452133808230886,1
1.6352704586586846,1.051089778281074,1
-0.7859448355030578,1.0216337415953105,0
1.285653994431927,1.0411186743479395,1
1.221409789618641,-0.33917873735435733,0
0.6966670647332482,0.8417209703766786,1
-0.2787609458293471,1.0732763857095635,1
0.5706051688389895,0.9499188540377589,1
0.9777768787900118,1.037301077248733,1
1.0543052674192477,0.9411046992002967,1
-0.3204071382096154,0.7808836522345504,1
0.4182656993801991,-0.6372510757947311,0
-0.3842696421984795,-0.5429320528676209,0
-0.5944888509493458,1.6473458423727356,1
1.4575948133373011,0.9303208597410126,1
-0.6815473742410805,0.6404751481827081,1
0.3415871545589714,-2.400305247018697,0
0.524159761720123,-0.7690862830694877,0
-3.1888914479469332,-2.4650299642613893,0
-0.32215708075871385,0.9779220754487873,1
1.3653484986860698,-2.2336667310267035,0
-1.0465417647932804,-1.0124952092181019,0
-1.2817890624321184,1.222511781581899,1
1.8575086668454466,-2.78030814546629,0
0.6729417194416374,1.0241868646355938,1
1.1566640341258962,-0.9886721269219241,0
-2.0860125038046933,-1.7664777328418118,0
-1.1702404009802758,0.35897386638453144,1
0.6636513837245315,0.03253771018804552,0
0.6156158733103008,1.0112284427210467,1
-0.46695687834738997,1.1830484771730112,1
-0.8843787568526136,0.740358961032395,1
-1.185960451858961,0.8594720783840996,1
1.799817654355734,1.2696612362490498,1
0.5015180696875492,0.14768570951883087,0
0.5643706783739213,0.7701904677074229,1
0.6029227998350961,1.4881173444848577,1
2.176931614657403,-3.1599622706080503,0
0.846445712616847,1.104750758841122,1
1.0558049065092496,-1.1657278666597684,0
1.5030489718227895,-1.63194366183604,0
3.0422363336983524,1.3067766585274083,1
1.221161216846036,1.1376236272844154,1
1.8970779717858313,1.2670768042506415,1
-1.9748311208747733,-1.5482000415561301,0
1.1354140446459988,0.293157855206881,0
-1.9681627515105482,-1.5193530233767378,0
1.3984004792636382,-2.1297046068086103,0
-0.05978961490579393,-0.4832040477582611,0
-0.7774566866811023,1.1785976927183237,1
-1.6910765630544398,0.9676452103521583,1
1.1894898068967548,-1.9262877402760772,0
-1.4578751961581045,1.5225615882767545,1
-1.0167939516630025,0.9589576538718417,1
1.4880266310388386,-2.206167180733146,0
-1.4124192726911087,0.40411245567858445,1
-1.2921871614338605,-1.1628171515669108,0
-1.5777769108542055,-1.391800460546362,0
-2.3828595190871353,1.0121000214206295,1
1.1247980599025635,0.39269600866717547,1
-1.0909886218747884,-1.1458219651559434,0
0.3894295343577353,1.002957075653573,1
0.19584278265384425,0.9846664861520451,0
0.9009945413971802,1.0422695807239821,1
0.762949513228258,-1.2497683105746176,0
-1.7297815562358614,1.1864219823756563,1
0.39126868119489355,0.002386276050844627,0
-1.0219502781091987,1.4433450679397444,1
1.6128734961210542,0.30526424340619895,0
1.2074362055028576,-0.9532100294831636,0
0.5855599374092155,0.9119165384260448,1
-0.6287114014750922,1.1042638018866,1
-2.894823832033313,-2.130245457641281,0
1.0147741109842128,1.0493161641303428,1
-0.7166837332569934,1.0507109220658775,1
1.3512432223564408,-0.19488363417707855,0
1.4659457273870555,-2.4848627660799187,0
0.848868160029138,0.8725259280459379,1
-1.8447943017200155,-1.6453705815161317,0
0.04383461165152758,-1.4567687067819826,0
-1.3656423857182995,-1.3187862746485872,0
-1.3251010573126547,1.268456528969672,1
-0.9441889602822486,0.4775792709804746,1
-0.3837896016294009,0.977834917851045,1
2.6567120902269643,-2.109321245773428,0
0.6654900281740423,0.9428564151941229,1
-2.134416897036523,0.406889082140626,1
-0.6885865291928428,-0.7407429648522965,0
-0.35875246357789703,-0.6757189875774983,0
1.3361221672280978,1.0699016140239466,1
0.37788643423906143,0.8439002808596002,1
-1.0030614514126315,0.9812050036974079,1
-1.3816880780761043,-1.2790796880700406,0
-0.0018391641040778062,-0.5380026956756796,0
1.3870651380783294,0.9002863819225616,1
1.2844186177256518,-0.8855792975855559,0
2.517189635789455,1.3075295436426861,1
-0.035930476211156526,-0.25392448728085093,0
0.305370784242352,0.8073451157600096,1
-0.7448912159673633,1.4930478229247577,1
-0.25705694933860057,0.2640880983854912,0
-1.118244341490652,0.6635267140134887,1
-0.5011632634251854,0.9215068671699536,1
-1.4345970239192136,-1.1713068861102003,0
0.9316304636813757,0.9642362490368833,1
0.24167540396466203,-0.2894907533114224,0
-1.1340589808185144,0.8180997177582404,1
0.15252938230915025,0.7881336781545316,1
-1.2288300448996596,0.8923826465574908,1
-0.9473445765543097,0.8148855826840047,1
-0.8070366931385006,0.8529718245066265,1
-0.1940099839967382,0.7104655187136284,1
1.4897521424452926,-1.9796579503767546,0
-0.7242297097104644,0.8757327231008621,1
1.4090933783637862,1.053535300259328,1
-0.7150695744713735,1.3594315096167413,1
0.3124812948034652,1.4496899742529124,1
-0.7139147808588986,-0.8447362202305965,0
-0.6992548466320285,-0.7918173494774551,0
1.0631965570677462,-1.1198806904869327,0
-1.8481313654255718,0.804401191925377,1
1.6801602001468898,1.1325500594897098,1
1.385722572120164,1.1388546846991052,1
-2.350646929217236,-1.8901013004730387,0
-1.4249691799138744,-1.3756399301951112,0
-0.43183663392279925,1.0939273439733959,1
0.5782776379062986,-1.258777648051843,0
2.2095930125883445,-3.490281702348188,0
0.620952828951363,0.9198780495458078,1
0.6091883504528977,1.0838347013376015,1
0.4120205304679403,-0.15587835488998003,0
-0.5535779178176714,1.0289882236829837,1
-0.8609119117754602,-0.9386059980335998,0
1.1004753669624652,-2.29182467003442,0
-0.8988811395990602,1.1306769614145546,1
-1.090401274839325,1.0825240558912306,1
1.7511862013939552,-2.5690460749295356,0
1.0348430521539491,-1.403726921575054,0
0.8301554585122338,0.9213894788630256,1
1.420379177524647,1.1975077315389524,1
-1.572732477847672,-1.3701192471875516,0
0.4528004050180059,1.1648312868263588,1
-1.0632485320947398,0.15802881840970007,1
-0.6786333582924661,1.3407923891455287,1
-1.0743695596865939,1.440245239455679,1
-0.9029089234760176,0.9773007736278936,1
1.4757995628227931,-1.7898380912980434,0
-0.857308555755093,1.7014822624762125,1
-0.0048775053449916506,0.6322261243822789,1
0.9682882558894474,0.17132994493358034,0
-1.9965950871518254,1.2789971569398602,1
0.5802129085828988,-0.37289309965439,0
-2.4056558847664666,-1.9340199026581466,0
-3.0419963011276674,-2.2270218601609155,0
-0.6696965599959448,0.597503284277511,0
-1.3472941428835807,0.9746032448116484,1
-0.8908955684183731,1.1659305932218587,1
1.0614392779947632,-0.5906865413784661,0
0.23890005243374224,-0.1827650620064265,0
-0.6371639592968072,-0.7632961742178781,0
1.4080063414200508,1.1012725557676954,1
-1.1101074657793473,1.936670430023665,1
0.9054073816586414,0.9835266548292024,1
2.774557345007338,-3.3592568425483336,0
-0.39442536214884905,1.0285640771619957,1
2.161013748847312,1.3013595065855603,1
0.5412508812218008,0.8359137809729954,1
-0.9162248677278383,-0.8809006086565087,0
-0.4849925239602728,0.6691186960859329,1
-0.20640343079285417,0.7039216292123278,1
1.6182300702073102,1.136325083090581,1
1.1333450783858694,-1.0445349504285568,0
-2.137365132984231,-1.6922921824354833,0
-1.4205406924106876,0.8719479498951747,1
0.08536269226395565,1.266948208515227,1
-3.2985972100486256,-2.485029063982256,0
-1.2472573806664378,1.423594424107259,1
0.8986051614295465,1.0598511739074703,1
-0.7991988097526701,1.3857353151432243,1
-2.3523804129597936,-1.8613466364389588,0
-1.2765295479142709,1.4929399607383567,1
-1.553120001778931,-1.4393933785528337,0
0.005797360552101893,0.8636407054104914,1
0.01864414206511844,-0.8506201278668554,0
0.11294053960948625,0.7188637690123754,0
0.6682116023688882,0.8634881545143912,1
1.418790135837352,1.0315467982660094,1
-2.0490636095557786,1.1533001666608491,1
1.6695675632271298,-1.0221577658469148,0
-0.7544347353019751,-0.8283976526211418,0
-0.26813929697277294,-0.3190581157137943,0
0.6267188434043885,-0.3815211595270239,0
1.0089149633173347,0.23510847322602446,0
-1.114280756967175,0.4933644580704051,1
-1.769136837705862,-1.5475284347019331,0
-0.6175173055144514,-0.8484027110080092,0
-0.28535613678965044,0.41193917979855654,0
-0.9171299195464637,0.6986692207342349,1
-1.8512578182699717,0.6769406824000239,1
0.6807252060119732,-1.210813662456789,0
-0.530830296411773,-0.7485827104048361,0
-0.534543901282462,0.7595681527561422,1
-1.736519521659031,1.6507003446668902,1
-0.7716282524183806,1.1348637060516045,0
-0.9329212281479256,1.4498697731961525,1
1.2208928776612424,1.1159232095487521,1
-0.2163695090374449,-0.5370241253973607,0
-1.5657024538107387,1.2180599270258665,1
-0.9751874115157577,1.2239842622620094,1
-1.5928857370310412,1.1214845406958953,1
0.5927826155996054,0.8165803054237388,1
-1.3480912092363035,-1.2608625127587063,0
-1.1850955226600086,1.456804784878842,1
0.8079631434453796,0.19197854226228062,0
-3.1556782485510353,-2.3050970215431255,0
0.87674099279285,0.13686290570802107,0
-1.0330790661047398,1.0226334371136228,1
1.4586207995394187,1.014603538597612,1
-0.8572199072059317,1.4248559229542694,1
-0.2208896929280615,0.904845046360744,1
0.3798728640132123,1.3184987304628013,1
1.5534381124144945,-1.8489114027489533,0
-0.5287268972452046,0.8638044848718307,0
-2.1858400728902208,0.9117551455233261,1
0.13752997005202494,0.9119910253351619,1
-1.7996265011804446,-1.5450643305727618,0
-1.0055163431727403,1.102464055078518,1
-1.954019237279197,-1.5662804984612608,0
-0.6429488173635347,1.4944223738371938,1
1.619885987324223,-1.2327331868131792,0
-1.0987639355497398,0.6199586189897226,1
-0.43408635645853155,1.4990207515775298,1
0.3740239250717672,1.05127250841219,1
-0.5653276873521714,-0.7607416722726733,0
0.7035607317519352,1.2206558784449277,1
-2.5710104195958774,-1.9886552674404834,0
1.3018007340388271,-0.6943042993556552,0
-1.8854985680850862,-1.5616412028665567,0
-1.9910054195790294,-1.6282901058206507,0
-0.03830112051388568,0.17176854271656627,0
1.9258680571894977,-1.712324333903012,0
0.5880946597299794,1.0828515955375315,1
1.67181710347043,0.9506121224240499,1
-2.0619713989200816,-1.7151403004548154,0
2.1188462651632145,1.1684480666002688,1
1.5838580994693152,1.2069687186703653,1
-0.8220488550176934,1.2467465989447528,1
0.9780688816634453,1.069144531310232,1
1.8467998601106153,-1.436255735466624,0
0.9547115968172375,0.2389155432445791,0
-1.948864911738715,0.8396739497942582,1
-1.5589466663408964,1.1572907598894702,1
-2.2440671680969992,0.741400108917931,1
0.5017061969808179,-0.8688606366077631,0
0.32379136471398584,0.727542691701939,1
-0.23400828927891593,0.6944998624680555,1
1.42317317056769,1.047933042751304,1
0.950506369558765,0.568643316302502,0
0.7304160830305423,0.9093454651648071,1
-1.289132089342163,1.0346181300692048,1
-1.58532326457925,0.7050130765705962,1
-1.6090956106602865,0.8859118418397851,1
-1.4471520567998701,-1.2959195158638415,0
0.735130049586025,-0.9704204453742883,0
0.6605528388239621,1.0609906309608292,1
-0.7827206682642776,-0.9056448244815459,0
1.8779340228119044,-3.954297463966209,0
0.848102013471522,1.2015468635749382,1
1.9215653668003927,1.2008102222705654,1
1.851243928394421,1.220731760507915,1
0.03384678503404359,-0.09591310512648232,0
0.8026086208121632,1.1461026218680526,1
-2.3615521272505178,0.7371367994704026,1
2.0740263562393833,-2.3553471995699127,0
-1.8564250407381533,-1.513308308112233,0
1.9764762726090426,-1.9194352405592514,0
0.1494534913517449,1.1215860694218382,1
-3.502238384220408,-2.628956275619852,0
-1.6621205055675,-1.430809822822203,0
1.5391397530409472,1.2020806598225895,1
0.45352956193087457,-0.04059145840233436,0
-0.5998904420143397,-0.795220178472148,0
-0.991515014580413,-1.0449663039712616,0
1.1480831535576501,0.10249644234459088,0
1.3319685467911841,-0.9556981167411662,0
0.11713647433550278,0.8266825254760489,1
-0.6824285214952923,0.9619306667774392,1
0.4560146467245959,0.7268533257221556,1
-0.6815104997421265,0.7742471339550158,1
-1.2243423683575678,1.193193579196505,1
0.9528424326581293,0.16246527912926934,0
1.3907095655791486,-2.6633320917935865,0
0.3795671458390376,-0.01491553075986718,0
-0.7324663393784614,0.5308330402924025,1
1.4389100600575742,1.098891329097277,1
0.5052651693318673,0.12031821553720956,0
1.3922895700627458,-1.4867101085386758,0
-0.5033217356832751,-0.6053568388321414,0
1.5686127585511045,1.035948264673405,1
1.1822439977425914,0.1457836565922619,0
0.051275652830167884,-0.26787150017272376,0
-0.21115270635364713,1.0214708680098892,1
-1.6177383660984683,1.2219408537833714,1
0.2694084448981351,-0.09151337085250233,0
1.4718791107206879,1.1348149063695705,1
-0.06847423611151005,1.592235096407456,1
-0.9361207282007491,1.0723354954217974,1
0.07547281348879831,0.7925089223761904,1
-1.3610173706777386,-1.2826776234373605,0
-1.6720009729525362,-1.416466106327487,0
0.4038579578757411,0.9578375097606281,1
0.6247800950898961,0.8793212498789763,1
-0.7301500956405933,0.42460552285653097,1
1.5112534633482448,1.0246302755323482,1
-0.8599532257830124,-0.9427346792066665,0
1.2277468849131228,1.0324849780678094,1
0.7680929918728875,-0.43172580694821494,0
0.4705300794334051,-1.1631172342115565,0
0.26368089222857094,1.3653302254840016,1
-1.6440407180660408,-1.473544182975063,0
-0.7028258948282418,1.1061890777023937,1
0.03858339558900048,-0.29714560876328644,0
-1.7451033453680864,-1.4676852248633443,0
0.17821624958009252,-0.6997302667586557,0
-0.5326911576532191,1.3158747781177489,1
-0.7092297467109663,-0.7792009894017954,0
0.07695946372757945,0.9693903577678633,1
-0.5904349142933574,-0.7179294459198458,0
1.089154283877943,-0.9493064209929417,0
0.23096822675499706,0.15561249751375072,0
-0.575994493046502,1.2240198999320202,0
-2.447591135450873,0.8705326418990782,1
0.06459697179617807,-0.26433772287391266,0
0.6135723592252418,-0.7755981170518582,0
0.9529594401892505,-0.88204187213498,0
-1.254696041688618,0.7211903956744965,1
-2.137383430900354,-1.6368593035450976,0
-2.42916940675933,-1.8906930990866844,0
1.5605543857729494,1.0588856457049642,1
-0.4165748316902731,1.3653863259287327,1
-1.0822407849225941,1.1511930891886988,1
1.1549765948478088,0.9401854565914499,1
-0.006524265523149997,-0.42589536446322984,0
-2.1452662073986337,0.6872890646655501,1
-1.086712411048273,1.0058676776046527,1
0.48374652923274875,0.8761170733091728,1
-0.5189768284551506,1.0878088576980949,1
-2.4676000901317536,0.6579564582501464,1
0.15175911186691105,0.7494058946100857,1
-2.2430824176274546,-1.7673369638300924,0
-0.9553866508430805,0.7017817940803628,1
1.815328417689977,-2.24357398480376,0
-0.7149460530537453,1.238647275344476,0
0.7049707653649935,1.0443569962079289,1
-3.2162622427456893,-2.307882000304199,0
1.046238029293443,-0.6466026140543478,0
-1.0115418565009642,1.3196352067149077,1
-0.4957542904440674,-0.7049184807720834,0
-2.0839728970499847,-1.728604886997079,0
-1.0373974625069817,1.5102905450086173,1
1.9360696425822088,1.1809711407028336,1
-1.0473580322019596,1.0585106911158424,1
-1.9221891851983213,-1.5267891147583248,0
-1.0608265583824072,1.0364716845578723,1
-0.6072802796355824,0.7714419423689197,1
-2.4532332015493115,-1.9551899801138,0
-0.8446408077060255,1.2701836077446198,1
-0.6236028833451555,-0.7593243030786994,0
0.3280320467443366,-0.1752157823014754,0
0.014542375789809991,1.1800122862603437,1
0.21619838049612117,0.9900989922333912,1
0.4247120172833141,-0.7384411835051348,0
1.4494146333854987,1.228799170839923,1
-1.0470998548691202,-0.08859218591220075,0
0.9729323217750452,-0.7519851285610578,0
-1.8909135839557796,0.8097908415701843,1
2.0013878317678797,1.3405615367931236,1
0.7956874242736504,0.9838412084647589,1
0.4351937137669182,0.8606050811881525,1
-1.0077900507540343,-0.9216145538522138,0
-0.5468891432332936,-0.6651052411173919,0
1.4762864131637015,1.1257161815152374,1
-1.3464495407374222,-1.1744004878769594,0
-0.06570737395281023,0.8610373442401417,1
-0.5721414286130584,-0.7991146546018304,0
0.3541555490518775,0.8183218662495659,1
-1.4909972794372486,0.7193780064036273,1
1.0015270005282584,-1.7433137394372986,0
-2.105392285096781,0.6087505074375965,1
1.3236361230573153,-0.6381385314952879,0
0.9417653219774942,1.0588272270733516,1
-0.6577978180483186,-0.7864486389080891,0
-2.3774828432696475,0.5771981895087743,1
-4.0756160929101215,-2.921407639027538,0
-0.542358103898382,-0.7773702212234823,0
1.2135913935685199,1.1374460210435247,1
1.5070496261114215,1.0152239152271463,1
0.5479313836901103,-0.0275901834139477,0
-2.629108079956426,-1.9918701575453008,0
-1.614300983573754,1.0187416354351428,1
-0.7901576017883821,-0.8353203642136341,0
-1.575849806163734,0.7273089930352125,1
-1.4396399221853344,1.1975405671244599,1
0.8639620398129095,0.4741508227598079,0
-1.8689617131600194,-1.4954449783823267,0
1.191273771486448,0.6243812057623817,0
-0.411103975464151,-0.7221450758368826,0
0.9467341199867775,-1.5730446732837164,0
-0.8794342618908556,0.8484775750422704,1
1.2066950562114418,1.0237119313113423,1
1.544330748651671,1.1605301127758079,1
-1.838410219631906,-1.5640690083749837,0
-0.3372974868506564,0.8626871878852198,0
0.8989068027690161,-1.4343850847659652,0
-0.43240837494831075,1.2585113181565752,1
-1.8937653041785198,0.7286624619684268,1
0.21414134944760754,-0.14506334420101652,0
0.9042189803128305,0.9448597404847418,1
0.3163878548952136,0.8521412982026935,1
-1.24678061245618,0.6781429786291504,1
0.731659339933244,0.8968878854217722,1
1.4645896609887123,-1.3673270536018087,0
2.0702480200786546,1.2893383124522895,1
-1.8675517280517833,-1.607948728559166,0
0.6915299432945295,-0.3441226017431256,0
-0.7770473715958314,1.307442117854273,1
-0.8876375725021061,0.7165264355233114,1
-1.1855238107633244,-1.112971803960744,0
-0.7401315847600605,1.8288413753767312,0
-0.5302329638907359,-0.6741815164942968,0
-0.9438909423143562,1.2055852705464412,1
0.7021909584689638,-0.690941494055413,0
-0.4649345614749716,-0.7373493718430026,0
1.6585227837944254,1.1611873647285116,1
1.1486997364515952,1.0313207830855429,1
-2.161174079204516,-1.764333246752222,0
1.0704401760525226,1.0053500581616117,1
-1.125280931334632,0.7971074779482006,1
-2.0778455340721598,-1.6405786411652654,0
-0.811701913935352,0.08014303782875032,1
0.5311772754440498,-0.0719673918414585,0
2.359121979564801,1.1512830758213197,1
-0.810921379310817,-0.7741136256709202,0
0.1286249562152635,0.7959853821460516,1
-1.8116324651386504,1.2980619264212812,1
0.5532927479822034,-0.19422755074565357,0
-0.5885480472847286,-0.7844747069774459,0
1.2422799447944655,1.0860413170095637,1
-0.19327209133428047,0.3218820794215824,0
-0.5962847164282757,1.3282491328243435,1
-1.8918630989191727,-1.4981308160776687,0
1.3545486361352115,0.45115169245503983,0
-0.7343544267025954,-0.7861488752786558,0
0.6621810951151799,0.12866104367140796,0
0.8947348849031318,1.1527650598645673,1
-2.97108215925766,-2.122787418384308,0
0.7664778023370207,0.921235568011342,1
-0.10832394177864424,-0.3913092139915514,0
-0.3453764195498077,0.9005659788870377,1
-1.5735718093599356,1.2965333296727317,1
0.45098688732838943,-0.23003561143964535,0
-1.5078689192970236,0.7636002420815965,1
0.4063508870076389,-1.6420631043813434,0
-1.128287844540441,0.8604110414014199,1
-0.776129991513041,-0.9019508968628459,0
-1.1164112079960051,0.8782910430037565,1
-1.7104238789430672,0.7337759387158876,1
1.5050038352657031,-2.1599765756669385,0
0.46675582917629777,0.8966379089058923,1
-1.0394680160766434,1.4009129401229798,1
0.9047996741276187,0.19480737427349148,0
0.11594931540513087,0.07102763835381376,0
1.2547033853433762,-1.382467670067208,0
0.6486013818899502,0.9188575808589418,1
-1.187681510086365,0.9162343454037523,1
2.7560834432363124,1.2863697084233128,1
0.6141598459359574,-0.5124352027019178,0
-0.10014194029291001,0.7016748869740663,1
-1.467534411977068,-1.3450815773844274,0
1.567661611098199,1.2048328391863752,1
-1.6378132361369302,1.305524099726032,1
1.65045231229126,1.1435649953553786,1
1.498317090116107,1.1264731171893905,1
1.4039350435850486,-0.2931019054280102,0
-1.2188648878597081,1.1468499235456582,1
-0.4264781805014103,1.3876477637530296,1
0.4640363365927529,-0.01519941571774075,0
-0.8282343303763091,1.0896696511904918,1
0.0890946782548061,1.3742704421309857,1
0.969864366603592,-1.7713739611881278,0
-0.08399661485841792,0.8365627087927119,1
-1.4845104228756165,-1.2459935581756136,0
-2.059274676581439,-1.602794591296202,0
1.2509985244206998,-1.9088259722492937,0
1.2363757181888468,1.0863152180380329,1
-0.1926436204991111,1.4244088473281982,1
0.11906678647456603,0.9406866952967174,1
0.4317272784885273,0.8628648642777091,1
-2.469314045064905,0.6364542681859563,1
0.5765290491341701,1.0391788696441084,1
1.2303151972310726,0.8289218321412242,1
-0.9098653776058133,-1.042102477218191,0
-1.1827928020401997,0.7019137605980256,1
1.659273622793851,1.2008287977544974,1
-1.884668062170419,1.36078243649376,1
1.2144037026365413,1.2386707098468497,1
1.1485348792258234,0.4798334526857988,1
-0.9604033986652404,1.7191742344751604,1
0.5648473871235893,1.0690721234440403,1
0.0026224724731791493,-0.1035431475241747,0
-0.4157196310067923,-0.8201063081653954,0
0.1284591359047056,0.8989461362979545,1
0.7588205038477933,-0.43516813899987006,0
2.001011655340905,0.9612808179580612,1
-0.32011927892464764,0.6294142771096709,1
0.7167832336330873,-1.3128775324558073,0
-0.9056076098265544,-1.0703060648617622,0
1.2308460980377303,-1.2446832683027242,0
-2.656966081295834,-2.0390933956067654,0
0.952431556942316,1.1236307545174986,1
1.3926369146105053,1.2959534136113073,1
-1.271433784010303,-1.0820391139440768,0
2.230358786417933,1.2120659152071969,1
0.8459293513420159,1.0486549930428817,1
1.750891918960026,1.1143551948190977,1
-1.7282947822608052,0.407706989084349,1
0.5581891503257239,0.8000917200944457,1
0.2513981335941924,0.21722010830605398,1
0.5989647715367065,0.9072443097112025,1
1.7206374843120689,-1.2173413679679523,0
-1.1973896512141802,0.808600984649851,1
0.8098335109707924,1.2821086594382818,1
0.4222632576715124,0.7931521720942827,1
0.7879677959761002,0.9088928116051448,1
-0.647982974153537,1.3434897271034247,1
0.3372832707708734,0.9447815107471802,1
0.9802696961651634,0.9656138543033969,1
1.8696555352008182,-0.98757232388993,0
-0.4126942364158681,-0.7553689606778188,0
0.521494166160891,0.7466181769843747,0
-3.448117984244483,-2.5726632652826504,0
-0.8751311135067885,0.5907330352926747,1
1.7510728600168528,1.4446899447967774,1
1.092581899982195,0.8604965233597072,1
-1.2629103505876058,-1.1827221274230173,0
1.3328722880516957,1.1657163984377799,1
-0.5861031189855899,-0.36887986824613994,0
1.4105435473750998,1.0741996289573574,1
1.1134183456411448,0.3263775548525034,0
-1.4831870169653736,0.610548188444568,1
1.5228829708738738,1.3501922363637493,1
0.30795124697996756,0.7875643563304716,0
-0.26646668978991195,0.7482967667459792,1
-1.0762571215409686,1.0320722939952176,1
-0.33831542036551,0.942758505810807,1
0.7713241549566751,-0.9200722028624718,0
1.63491790686106,-2.1344314707145524,0
-1.3154307748423295,0.6524261912654591,1
0.12107629324358016,0.8385025089319014,1
-1.4092640056609733,-1.307034520841081,0
-0.7419353025888172,1.4486170594660188,1
-0.28827413703948834,1.321074706632141,0
-2.343633810733572,-1.865171727154273,0
1.0240755176304137,-0.8794929088430953,0
-1.7588992279558449,-1.490255564381781,0
-0.32556353656751125,-0.5718301352318826,0
1.420619519735329,1.08892421867283,1
1.2480706221367912,0.49295356804400203,0
-1.0446393385195596,-1.013801140811099,0
0.9712015157386937,-0.2821319337223508,0
0.27056720164641324,0.818057335171673,1
-1.9920460595371818,0.7601222863221501,1
-0.9779755361756605,1.2285743416964308,1
-1.0802466655087286,0.7221728766949704,1
1.1546431852497734,0.13440687668732854,0
-1.3027718157534425,0.8211414285050417,1
-1.3840380279278492,-1.3007490031666278,0
-0.4997898606829436,1.4348225003054509,1
1.5610194843589422,-0.8711892959066683,0
0.3610628028825129,0.851330781034109,1
0.711703197259886,-0.6522038527586406,0
0.9761698121409177,0.989986272908109,1
0.35489201806038473,-0.004494230052148329,0
0.05385914147628734,0.7558764205434036,1
0.7260508549279625,1.0656688712528153,1
0.3866514586096078,-0.7447727944322391,0
1.0442458281407594,-1.0807278696511846,0
0.056709882259802225,-0.33434860199544836,0
-3.9654240556440015,-2.9057064311074083,0
0.9746704922163759,-1.0911131429188523,0
2.5064320179222586,1.4354507320760364,1
0.8545239444170002,0.9514010112799292,1
-3.0259432042206966,1.3904685838760809,1
0.9064959702303748,-0.8185711122701121,0
-0.5627021627249592,-0.719430293887901,0
1.678590214656321,-1.9601158888873556,0
-2.1730542217820985,-1.8010364280014222,0
0.1335582266961839,-0.24447471160750767,0
-1.5341547818056385,0.7541813576382825,1
-0.7954409298988487,1.56090086182977,1
1.9138562043440506,-0.5620123703708899,0
1.3368124744185166,0.020298039884796282,0
1.64507077755365,0.6655337722536909,0
0.2680027505628223,0.8679869384120366,1
-0.16387864462800827,-0.5470291437450634,0
1.6570969805481393,1.1024105997070874,1
-0.6661356128269929,0.813973000354428,1
1.3353978617650675,1.155001984446102,1
1.1819195718073612,-1.451879915533664,0
1.4285691352627392,0.9987250850051135,1
1.8919592023120404,-1.7764503345586204,0
0.07250422008585922,0.3069922592374713,1
0.6955355937996268,0.9491400043169936,1
-1.1166748489739202,0.48786762669651973,1
0.43414368814330606,0.8650130864631143,0
-3.565501512644311,-2.7292831809053526,0
0.9065622420308284,-1.3456331372893044,0
0.929331142169425,1.0667177811015807,1
-2.5180586709235504,-1.8697577856496366,0
-0.19462135276866688,-0.9559288685505705,0
-1.264338215890682,0.8405522048590058,1
-1.0207197125876946,1.2552818299894786,1
1.2903350671980678,-1.3567506668446199,0
-2.1590564146267583,-1.66054704703628,0
0.16753272316483436,0.9077708326613165,1
-1.4657549900843712,-1.2930274578132588,0
1.3653484106113554,1.2380580570593074,1
-1.67430734837121,1.3343894534928085,1
-1.704787575199506,1.2875571987686607,1
-0.45291118720716916,0.4723117935118374,1
1.397404121251144,-0.55729721745775,0
-3.8271516904637584,-2.8304567250307784,0
0.07356307359350622,0.4169976592846971,0
-0.31293004485116926,0.8997243335991113,1
-1.8880102768809504,0.2430095158047747,1
-1.9751137748743715,-1.5276562703155807,0
-0.345690902190837,0.9297133368558312,1
-0.5554114291281069,-0.6666737117689482,0
1.9826516601267579,-2.258516045264999,0
1.5961341022205455,1.1255404500158916,1
-0.8417022383079998,0.8552976195007775,1
-1.724119835227195,1.1953745079069358,1
-2.9045351841766864,-2.1739334793633454,0
-2.2260219651196578,0.9772240137423844,1
-1.7650790827990916,-1.4649436527715083,0
0.5580353817903071,0.17391453112936972,0
0.8254186478364649,0.7942211296682136,1
-1.1707385743642087,-1.0673447005343355,0
0.8700617402400912,0.16361750889524385,0
1.922814393807541,-1.0314532620632466,0
0.3668980709323566,-1.3042963606478284,0
-1.7987639182958386,1.4417278528934288,1
-2.4647781049382815,0.21487631316089972,1
-1.4660197552249736,1.4644945667006217,1
-1.354335707262846,-1.2054004657121495,0
-0.4710549038623557,-0.6716466645286789,0
-1.910324537345939,-1.652928048252807,0
-2.3711061133966247,-1.8878770108196434,0
0.5754112033016883,0.9319456966018842,1
-1.1372803043238837,1.382418492753482,1
2.0495618650096503,-2.177764886772538,0
-0.5395360571576182,-0.7262610053078113,0
-1.0177753822957945,-1.0492816033639838,0
-1.1992662445673954,-1.126212528885929,0
0.49901121353029076,-0.643549051265394,0
0.5325792343670029,0.8868046397138158,1
1.5958531836089724,1.1148136033538507,1
-1.575657166040211,0.9954592417180238,1
-1.2841428395907748,-1.0158887466537294,0
1.3022464582483448,-0.7866929124254336,0
2.1912361889166685,-2.656464068465749,0
0.7567039152517349,-0.8548899756093684,0
0.010364808421047922,0.9882514379247238,1
-1.7600892330880238,0.7740574395987967,1
-0.05106915300536197,-0.3307936477236594,0
-0.47625713329340846,-0.37080373619987295,0
1.8017309973987117,1.2370889129359914,1
1.4819729199662324,1.1110364330600395,1
0.6852616785754799,0.8904368756331634,1
0.9364738716773964,-0.7884024836127251,0
-1.9781029526165876,-1.5646474739578773,0
0.21559056307384683,-0.45704386937113317,0
1.6189873115456137,1.1565771125432802,1
-0.2571000711571,-0.4653683596118655,0
1.527797306206222,-1.0608597532683297,0
0.10028568481593081,1.409440714492693,1
-0.25503878283463655,0.7229147156224539,1
1.2904311277539107,1.0636528157347453,1
-0.5564302697180279,-0.5725545335864833,0
1.8197026511335963,-2.0071274284924097,0
-0.7420011018070682,1.1527283130636659,1
1.0047587316174522,1.1154263120236072,1
0.09973545495126279,-0.41936268031066104,0
0.9133165432422122,0.8421924770066417,1
-0.34121308748873247,-0.627911447486853,0
-1.7425007062149296,1.092802381886996,1
-1.5534813550752227,0.32329874722412266,1
-1.461206117404119,-1.3254032413242225,0
1.419009949086786,-1.5454076033074373,0
1.6271029638269692,-1.7589485755288192,0
-1.7156052063568823,-1.50457024987572,0
-1.107391893606519,0.8881745655862552,1
0.007425637879394653,0.791906880383038,1
-2.21526099489311,0.945857899048599,1
0.9669606806991656,0.878660765717369,0
1.2305351795073034,-1.5840764222176318,0
-0.5157055175947063,-0.7356060360303216,0
0.3471921302942482,-0.5536416366508516,0
0.3439349581116533,0.8097109175000279,1
-0.5917566976283197,0.5460550382775257,1
-1.446009751081819,-1.3108715718037218,0
-0.35883376746766005,0.9287029915431654,1
-1.3252561592203818,0.7233292443947272,1
1.1922129608575618,-1.1524835149482262,0
1.9403087063767668,1.3179149593414081,1
1.7839880881295473,-1.8745441935589553,0
-0.9426413764557232,0.7451068977831476,1
0.43992709098115124,-1.195677164001629,0
0.734263312150613,1.0484830023344223,1
-0.8254128539014103,0.6229623428080158,1
-3.085905187063332,-2.2368323737122373,0
-0.8026517662210653,0.6809631038026113,1
-1.7647386033624164,-1.4685837867031832,0
-1.1871049070482533,0.5489134931958816,1
-0.7444610581193192,-0.8203761842916959,0
3.1504114691464755,-2.837823306047241,0
1.7193106120840982,-0.18925072245110797,0
0.9335759161958423,-0.050072955066388536,0
-0.9687502827792875,-0.9847621417741063,0
1.7500367290392813,-0.9455784726299784,0
-4.01048798630879,-2.883589434928635,0
0.527626934332829,0.8680015534587966,1
-0.5687936659476424,-0.6642768204822191,0
0.6856333241856204,0.9390890765337324,1
0.7810082913076606,0.14683307601999607,0
0.700394626717352,0.7699598633194434,1
1.2707903289988134,-0.9705531004812025,0
1.5353820705435455,1.1817125724487685,1
-1.381986707328812,-1.2097756074651111,0
1.956351823408197,-2.45230924609389,0
1.023571695697747,-0.8808593559198168,0
1.0053642445537423,0.8896905449113889,1
0.21055322638284357,0.4980403211510571,0
1.8367167820685617,1.1156313123949277,1
0.9158560044765957,1.0963013921616123,1
-1.8375215770459714,0.9929238765023637,1
-2.7383708336365267,-2.004148170730532,0
-1.175072840825495,1.050950531919374,1
0.6795658778391009,-1.8000653559244233,0
0.8588763385564364,-2.326505810723011,0
0.8004206735888127,-1.0202557907262062,0
-1.7323419920380696,-1.4027077474736227,0
0.3360816539978668,0.7354638880995399,1
-1.7367744356802937,-1.4292383617523259,0
1.1451159382518887,0.3072315940627832,0
-0.6952657315373416,1.0213219067721948,1
2.982961042541424,-1.7763196299159896,0
0.35495771037151935,1.0160516994647508,1
0.8273611990902723,0.9002011999557129,1
-3.3729719445128348,-2.437436810158023,0
-1.703937217249833,0.7024220765629461,1
1.933279529280011,-2.427765654621597,0
-1.4883725669659493,-1.340405188950458,0
0.3960989747402627,1.017631997826112,1
2.1985769425137383,-2.996414518575757,0
